Fecha,Magnitud,Intensidad,GAP,Latitud,Longitud,Lugar,Id,Region,Pais
2023-06-10 06:53:57.656,4.3,3.1,98.0,3.8178,-76.489,"3 km E of Restrepo, Colombia",",us7000k7li,",Valle del Cauca,CO
2023-05-28 15:45:57.185,5.2,4.2,39.0,6.6964,-73.0303,"1 km W of Aratoca, Colombia",",us7000k4mu,",Santander,CO
2023-05-22 17:14:14.864,4.5,3.1,64.0,4.3829,-76.2681,"10 km WNW of Bolívar, Colombia",",us6000kdxg,",Valle del Cauca,CO
2023-05-14 16:43:09.036,4.6,2.2,43.0,6.8463,-73.0895,northern Colombia,",us6000kbvy,",Santander,CO
2023-05-14 06:04:17.791,4.8,3.7,131.0,4.0397,-73.7077,"8 km NE of Acacías, Colombia",",us6000kbsg,",Meta,CO
2023-05-12 09:45:28.128,4.7,2.9,60.0,7.0383,-76.0563,"16 km W of Peque, Colombia",",us6000kbd5,",Antioquia,CO
2023-04-07 04:10:51.693,4.6,2.2,99.0,8.9572,-76.3312,"7 km NNE of Los Córdobas, Colombia",",us6000k2l9,",Cordoba,CO
2023-03-30 08:24:53.285,4.5,2.0,44.0,7.9236,-74.7887,"14 km N of San Carlos, Colombia",",us6000k0u3,",Antioquia,CO
2023-03-19 17:42:00.076,4.3,2.0,68.0,11.6448,-72.3136,"9 km SW of Uribia, Colombia",",us7000jlb3,",La Guajira,CO
2023-03-14 05:06:59.998,4.5,2.0,38.0,6.8028,-72.9977,"5 km NNW of Cepitá, Colombia",",us7000jjrd,",Santander,CO
2023-03-11 05:11:59.326,4.3,3.7,125.0,6.893,-73.1444,"14 km SW of Piedecuesta, Colombia",",us7000jj2g,",Santander,CO
2023-03-10 09:18:40.733,5.4,6.1,43.0,6.7308,-73.027,"4 km NNW of Aratoca, Colombia",",us7000jirz,usauto7000jirz,pt23069000,",Santander,CO
2023-03-07 01:32:41.615,4.3,2.6,36.0,6.8238,-73.0726,"Santander, Colombia",",us7000jhsj,",Santander,CO
2023-02-15 13:04:09.720,5.2,4.1,37.0,6.7659,-73.0236,"5 km WNW of Cepitá, Colombia",",us6000jp3b,",Santander,CO
2023-02-07 21:31:36.127,5.0,4.9,58.0,7.1614,-76.9892,northern Colombia,",us6000jmce,",Antioquia,CO
2023-02-07 02:56:17.992,4.6,2.2,35.0,6.8089,-73.0222,northern Colombia,",us6000jm59,",Santander,CO
2023-02-07 00:44:14.350,3.8,2.7,153.0,4.3409,-74.2762,"4 km NE of Pasca, Colombia",",us6000jm8v,",Cundinamarca,CO
2023-01-27 04:34:39.050,4.5,4.7,59.0,5.0309,-76.2007,"15 km NNE of San José del Palmar, Colombia",",us6000jjlq,",Choco,CO
2023-01-14 18:18:29.987,4.5,1.0,117.0,6.8355,-73.1176,northern Colombia,",us7000j4es,",Santander,CO
2022-12-12 14:49:13.270,4.5,2.2,146.0,3.9986,-76.7154,"26 km WNW of Darien, Colombia",",us6000j9qp,",Valle del Cauca,CO
2022-12-03 11:41:36.885,4.7,6.2,50.0,7.2431,-77.1037,"22 km S of Riosucio, Colombia",",us6000j6n3,",Choco,CO
2022-12-02 23:09:22.099,4.4,4.9,37.0,8.0925,-72.5631,"17 km SW of La Esperanza, Colombia",",us6000j6gr,",Norte de Santander,CO
2022-12-02 13:24:00.291,4.1,1.0,120.0,6.795,-72.9223,"7 km NE of Cepitá, Colombia",",us6000j6ai,",Santander,CO
2022-11-28 13:37:13.142,4.7,2.0,49.0,6.8133,-76.113,"5 km NNE of Frontino, Colombia",",us7000isz1,",Antioquia,CO
2022-11-27 01:24:11.080,4.3,3.1,56.0,11.1231,-74.0526,"20 km SE of Santa Marta, Colombia",",us6000j636,",Magdalena,CO
2022-10-18 07:17:09.599,4.7,4.3,30.0,6.7912,-73.0398,"8 km WNW of Cepitá, Colombia",",us6000iuha,",Santander,CO
2022-10-03 23:49:57.944,4.7,3.1,48.0,6.9083,-76.7318,"12 km SE of Murindó, Colombia",",us6000iqkx,",Antioquia,CO
2022-09-26 03:41:59.137,4.2,2.0,155.0,3.3162,-79.1953,"121 km NW of Mosquera, Colombia",",us7000ib1b,",Narino,CO
2022-09-20 04:54:53.822,4.5,4.5,37.0,6.9237,-74.9252,"16 km E of Amalfi, Colombia",",us7000i9ft,",Antioquia,CO
2022-09-19 06:12:41.227,4.9,4.3,43.0,6.6815,-72.995,"2 km ESE of Aratoca, Colombia",",us7000i97s,",Santander,CO
2022-09-17 06:12:44.959,4.3,2.7,92.0,7.4207,-73.7203,"20 km ENE of Puerto Wilches, Colombia",",us7000i8rt,",Santander,CO
2022-09-01 04:57:05.410,4.4,5.3,32.0,6.7234,-73.0693,northern Colombia,",us7000i47m,",Santander,CO
2022-08-17 15:46:51.547,4.6,2.2,81.0,4.8445,-76.0511,"7 km S of El Águila, Colombia",",us7000i2l7,",Valle del Cauca,CO
2022-06-30 23:37:46.794,4.5,3.1,93.0,4.9528,-76.0895,"7 km NW of El Águila, Colombia",",us6000hyzh,",Valle del Cauca,CO
2022-06-12 07:05:50.196,4.0,5.2,99.0,0.8231,-77.9074,"16 km SW of Cumbal, Colombia",",us7000hgvq,",Narino,CO
2022-06-12 00:50:07.200,4.6,2.0,77.0,6.9518,-76.0316,"15 km WSW of Peque, Colombia",",us7000hgu3,",Antioquia,CO
2022-05-12 21:23:29.680,5.0,6.0,52.0,4.014,-76.4472,"10 km NNE of Darien, Colombia",",us6000hkph,",Valle del Cauca,CO
2022-04-29 23:47:47.572,4.1,1.0,112.0,6.9193,-73.1481,"13 km SW of Piedecuesta, Colombia",",us7000h5y8,",Santander,CO
2022-04-23 09:56:57.526,4.4,4.1,55.0,6.8684,-76.4688,"26 km WSW of Dabeiba, Colombia",",us6000hftr,",Antioquia,CO
2022-04-19 19:32:27.438,4.6,3.4,76.0,1.8566,-75.8536,"7 km NE of Acevedo, Colombia",",us7000h3ef,",Huila,CO
2022-03-19 22:22:52.414,4.5,2.2,47.0,6.8581,-73.1023,"13 km N of Jordán, Colombia",",us6000h63b,",Santander,CO
2022-03-07 18:34:28.862,4.9,2.0,52.0,6.7994,-72.9917,"5 km NNW of Cepitá, Colombia",",us6000h2un,",Santander,CO
2022-02-23 12:49:31.002,5.5,5.0,45.0,7.8174,-74.2494,"26 km SW of Santa Rosa del Sur, Colombia",",us7000gn6g,usauto7000gn6g,pt22054000,",Bolivar,CO
2022-02-20 18:35:07.326,4.3,1.0,60.0,6.9148,-73.0374,"8 km S of Piedecuesta, Colombia",",us7000gmgp,",Santander,CO
2022-02-07 00:31:23.897,4.4,3.1,91.0,3.448,-74.7357,"10 km NE of Colombia, Colombia",",us7000gipv,",Huila,CO
2022-02-06 07:13:18.004,4.7,4.1,28.0,10.5803,-73.2201,"13 km NNE of Valledupar, Colombia",",us7000gie4,",Cesar,CO
2022-01-19 04:25:47.723,4.6,5.6,35.0,5.3986,-72.5392,"17 km WNW of Yopal, Colombia",",us7000gd37,",Casanare,CO
2021-12-20 04:20:40.937,4.4,1.0,53.0,6.8648,-72.9781,"12 km N of Cepitá, Colombia",",us6000gdr7,",Santander,CO
2021-12-09 23:14:40.346,4.8,2.0,30.0,6.8146,-72.9486,"7 km NNE of Cepitá, Colombia",",us6000gb0x,",Santander,CO
2021-12-09 00:07:17.507,4.6,2.0,67.0,4.4212,-73.6567,"9 km NE of El Calvario, Colombia",",us6000gasf,",Meta,CO
2021-11-29 20:33:32.090,4.9,3.8,72.0,4.2503,-76.3426,"4 km NNW of Trujillo, Colombia",",us6000g7q7,",Valle del Cauca,CO
2021-11-28 09:42:15.997,4.7,2.6,94.0,7.5242,-76.9244,"23 km ENE of Riosucio, Colombia",",us7000fxps,",Choco,CO
2021-11-26 12:12:08.686,4.3,3.4,89.0,7.3397,-75.2766,"13 km ENE of Valdivia, Colombia",",us7000fx7u,",Antioquia,CO
2021-11-05 04:13:49.802,4.5,3.8,81.0,2.1522,-78.9939,"39 km WNW of Salahonda, Colombia",",us7000frle,",Narino,CO
2021-10-29 21:43:50.050,4.3,4.6,90.0,2.1847,-76.6147,"7 km S of Paispamba, Colombia",",us7000fpxh,",Cauca,CO
2021-10-12 04:51:47.707,5.0,3.4,68.0,6.8198,-72.9919,"7 km NNW of Cepitá, Colombia",",us6000ftws,",Santander,CO
2021-10-05 19:37:47.920,4.7,3.1,47.0,6.9037,-72.9739,"12 km SW of Santa Bárbara, Colombia",",us6000fs0z,",Santander,CO
2021-09-07 06:13:54.981,4.3,2.0,76.0,6.8762,-73.0522,"12 km S of Piedecuesta, Colombia",",us7000f8sd,",Santander,CO
2021-08-18 12:36:03.721,4.4,2.7,84.0,5.0726,-76.3165,"21 km NNW of San José del Palmar, Colombia",",us6000f7xk,",Choco,CO
2021-08-01 01:50:56.973,4.9,2.4,132.0,4.4828,-78.4767,"125 km WNW of Santa Genoveva de Docordó, Colombia",",us6000f14a,",Choco,CO
2021-06-14 16:25:35.061,4.5,2.0,48.0,6.8245,-73.0833,"10 km N of Jordán, Colombia",",us7000ed00,",Santander,CO
2021-05-29 15:01:11.568,4.4,3.8,62.0,8.4863,-77.031,"27 km E of Acandí, Colombia",",us6000efu0,",Choco,CO
2021-05-28 16:10:43.587,4.7,3.4,60.0,6.7826,-73.0743,"5 km NNE of Jordán, Colombia",",us6000efla,",Santander,CO
2021-05-01 06:36:35.562,4.5,3.9,76.0,11.867,-73.9181,"75 km NNE of Santa Marta, Colombia",",us7000dz7e,",Magdalena,CO
2021-04-07 10:46:01.143,4.4,2.9,34.0,13.1089,-81.3343,"28 km S of Mountain, Colombia",",us6000dzmi,","Archipielago de San Andres, Providencia y Santa Catalina",CO
2021-04-02 22:44:02.939,5.0,5.1,25.0,7.4576,-76.9434,"19 km E of Riosucio, Colombia",",us6000dymn,",Choco,CO
2021-03-28 15:01:15.392,4.6,2.2,71.0,5.0712,-72.8726,"15 km WNW of Tauramena, Colombia",",us6000dx6m,",Casanare,CO
2021-03-22 04:37:41.986,5.0,2.0,31.0,3.9157,-71.3594,"91 km ESE of Puerto Gaitán, Colombia",",us7000dliw,usauto7000dliw,",Meta,CO
2021-03-14 18:14:25.073,4.8,2.7,59.0,6.4702,-74.4627,"7 km WSW of Puerto Berrío, Colombia",",us7000djca,",Antioquia,CO
2021-03-01 22:57:40.994,5.1,5.6,65.0,6.2035,-76.254,"18 km SW of Urrao, Colombia",",us7000deqh,usauto7000deqh,",Antioquia,CO
2021-02-15 00:17:28.359,4.6,4.9,57.0,11.4374,-77.0161,"200 km NW of Cartagena, Colombia",",us6000dhpp,",Bolivar,CO
2021-02-05 07:53:34.702,4.4,2.0,43.0,6.8018,-73.0451,"9 km NW of Cepitá, Colombia",",us6000dem5,",Santander,CO
2021-01-29 19:23:38.754,4.6,1.0,63.0,7.0716,-72.0803,"7 km NNE of Cubará, Colombia",",us6000dd2a,",Boyaca,CO
2021-01-27 07:57:33.358,4.9,4.4,86.0,4.4075,-75.856,"8 km NNW of Caicedonia, Colombia",",us7000d3m3,",Valle del Cauca,CO
2021-01-23 21:12:18.130,4.9,3.4,66.0,3.1222,-74.8254,"25 km E of Baraya, Colombia",",us7000d2ra,",Huila,CO
2021-01-23 08:24:16.930,4.5,1.0,108.0,6.0582,-77.4439,"19 km SSW of Bahía Solano, Colombia",",us7000d2mv,",Choco,CO
2020-12-28 21:47:36.989,4.4,2.0,109.0,3.4478,-77.253,"31 km WSW of Buenaventura, Colombia",",us6000d3tl,",Valle del Cauca,CO
2020-12-16 23:32:30.193,4.9,3.4,26.0,6.7841,-73.0438,"8 km NE of Jordán, Colombia",",us7000crpn,",Santander,CO
2020-12-12 02:24:10.270,5.0,2.0,53.0,5.7554,-77.8605,"65 km W of Nuquí, Colombia",",us7000cqgq,",Choco,CO
2020-12-08 03:21:59.906,5.1,3.4,31.0,4.7546,-77.4135,"22 km SSW of Pizarro, Colombia",",us7000cp26,",Choco,CO
2020-11-20 00:57:00.461,4.7,3.4,35.0,6.8332,-73.0682,"11 km NNE of Jordán, Colombia",",us6000cqlc,",Santander,CO
2020-11-16 13:59:21.031,4.8,2.5,58.0,4.7244,-76.5228,"15 km ENE of Sipí, Colombia",",us7000cfn8,",Choco,CO
2020-09-19 12:42:26.715,4.1,2.7,76.0,6.7621,-72.9752,"0 km N of Cepitá, Colombia",",us6000c0hz,",Santander,CO
2020-09-03 03:23:38.808,4.5,2.7,85.0,8.2139,-76.9417,"25 km NE of Unguía, Colombia",",us7000bh09,",Choco,CO
2020-08-14 02:34:37.500,4.4,3.4,73.0,4.2369,-73.6232,"7 km WSW of Restrepo, Colombia",",us6000beig,",Meta,CO
2020-07-25 10:48:02.425,4.6,2.0,140.0,2.7258,-79.5197,"121 km WNW of Mosquera, Colombia",",us6000b3ya,",Narino,CO
2020-07-22 19:21:57.282,4.6,4.1,41.0,6.7749,-73.0218,"5 km WNW of Cepitá, Colombia",",us6000b257,",Santander,CO
2020-07-22 03:16:36.285,5.1,4.6,35.0,11.0149,-72.4162,"25 km SE of Albania, Colombia",",us7000assn,",La Guajira,CO
2020-07-21 21:40:11.185,4.6,4.9,47.0,6.9523,-72.8355,"8 km NNE of Guaca, Colombia",",us7000asp1,",Santander,CO
2020-07-19 19:26:04.780,4.6,3.1,59.0,6.8045,-72.9999,"6 km NNW of Cepitá, Colombia",",us7000arb0,",Santander,CO
2020-07-11 20:26:43.599,4.6,3.4,48.0,6.829,-73.079,"10 km N of Jordán, Colombia",",us7000am18,",Santander,CO
2020-07-09 03:22:51.274,4.9,3.8,41.0,6.786,-72.9901,"3 km NNW of Cepitá, Colombia",",us7000akj8,",Santander,CO
2020-05-24 12:22:03.507,4.5,3.1,83.0,2.7483,-76.5659,"6 km E of Morales, Colombia",",us70009pgm,",Cauca,CO
2020-04-25 15:30:54.918,4.7,2.1,56.0,5.0458,-72.6728,"8 km ENE of Tauramena, Colombia",",us60009c8u,",Casanare,CO
2020-04-17 04:49:45.028,4.5,2.0,33.0,9.06,-74.3237,"12 km SSW of Margarita, Colombia",",us70008y5u,",Bolivar,CO
2020-04-15 10:59:28.999,5.7,6.5,20.0,9.0335,-74.4338,"13 km NNE of Pinillos, Colombia",",us70008wpb,pt20106000,",Bolivar,CO
2020-04-12 12:31:13.698,4.8,4.6,90.0,7.3954,-77.1263,"5 km S of Riosucio, Colombia",",us70008uu4,",Choco,CO
2020-04-02 03:15:51.206,4.8,5.4,37.0,5.724,-76.0317,"6 km WSW of Betania, Colombia",",us70008l6q,",Antioquia,CO
2020-03-28 05:55:09.624,4.9,3.7,75.0,6.7999,-73.0549,"8 km NNE of Jordán, Colombia",",us70008hq3,",Santander,CO
2020-02-29 08:06:10.519,4.7,2.7,106.0,5.8438,-77.6307,"42 km WNW of Nuquí, Colombia",",us600086tp,",Choco,CO
2020-02-21 12:35:45.268,4.5,2.0,62.0,6.7795,-72.9879,"3 km NNW of Cepitá, Colombia",",us70007u4y,",Santander,CO
2020-02-14 01:29:41.493,4.5,2.2,65.0,5.5129,-73.3156,"2 km NE of Soracá, Colombia",",us70007pt2,",Boyaca,CO
2020-01-14 17:57:08.678,4.8,2.2,49.0,6.8007,-73.0241,"7 km NW of Cepitá, Colombia",",us70006zqu,",Santander,CO
2019-12-26 10:52:21.267,4.4,4.1,79.0,3.3922,-74.0302,"1 km ENE of Mesetas, Colombia",",us70006r6t,",Meta,CO
2019-12-26 06:27:48.961,4.4,3.9,54.0,5.5346,-75.3256,"14 km E of Pácora, Colombia",",us70006r4u,",Caldas,CO
2019-12-26 03:48:29.883,4.8,4.8,62.0,3.3722,-74.0915,"5 km WSW of Mesetas, Colombia",",us70006r41,",Meta,CO
2019-12-25 02:11:23.210,5.0,4.3,65.0,3.419,-73.9867,"7 km ENE of Mesetas, Colombia",",us70006qsp,",Meta,CO
2019-12-25 00:25:01.178,4.6,3.4,77.0,3.4416,-74.098,"8 km NW of Mesetas, Colombia",",us70006qs6,",Meta,CO
2019-12-24 19:19:03.273,5.7,4.6,51.0,3.4502,-74.1034,"9 km NW of Mesetas, Colombia",",us70006qp1,",Meta,CO
2019-12-24 19:03:52.492,6.0,6.7,36.0,3.5359,-74.0176,"1 km NE of Lejanías, Colombia",",us70006qnn,",Meta,CO
2019-11-10 09:50:58.345,4.6,2.9,87.0,5.3086,-75.6187,"6 km WNW of Filadelfia, Colombia",",us600069x0,",Caldas,CO
2019-10-26 01:01:26.789,4.8,5.3,62.0,5.7484,-75.9089,"5 km S of Hispania, Colombia",",us60006330,",Antioquia,CO
2019-10-10 19:08:28.497,4.5,3.1,100.0,7.1349,-77.1082,"34 km S of Riosucio, Colombia",",us70005t5l,",Choco,CO
2019-09-29 11:19:59.671,4.9,3.4,68.0,11.9723,-73.6923,"87 km NNW of Dibulla, Colombia",",us70005ngk,",La Guajira,CO
2019-09-22 00:36:45.031,4.9,4.8,35.0,6.7979,-73.0169,"6 km NW of Cepitá, Colombia",",us60005lvz,",Santander,CO
2019-08-25 20:30:20.180,5.0,2.5,72.0,2.7344,-78.0396,"24 km NW of Guapí, Colombia",",us7000582j,",Cauca,CO
2019-07-13 02:39:02.626,4.6,2.0,72.0,10.0982,-73.132,"13 km ENE of Agustín Codazzi, Colombia",",us70004jg6,",Cesar,CO
2019-06-16 16:18:35.241,4.2,3.4,62.0,6.7518,-72.9741,"0 km S of Cepitá, Colombia",",us600041eu,",Santander,CO
2019-06-09 19:43:17.036,4.7,3.1,64.0,6.8764,-73.0401,"12 km S of Piedecuesta, Colombia",",us70003xh9,",Santander,CO
2019-05-25 15:13:36.186,4.2,2.0,83.0,6.8325,-73.0636,"11 km NNE of Jordán, Colombia",",us60003s3s,",Santander,CO
2019-05-24 16:12:45.126,4.9,2.5,94.0,6.9952,-77.5132,"30 km ESE of Juradó, Colombia",",us60003rpc,",Choco,CO
2019-05-12 07:28:08.579,4.5,4.3,65.0,3.9341,-73.9292,"18 km NNW of Cubarral, Colombia",",us70003jzm,",Meta,CO
2019-04-09 11:39:52.540,5.0,3.1,52.0,3.7455,-78.7363,"140 km NNW of Mosquera, Colombia",",us2000kcv2,",Narino,CO
2019-04-08 02:07:34.647,4.4,2.2,42.0,6.8088,-73.0399,"9 km NW of Cepitá, Colombia",",us2000kc2d,",Santander,CO
2019-03-23 19:21:17.998,6.1,6.0,20.0,4.5595,-76.223,"3 km WSW of Versalles, Colombia",",us1000jkrq,",Valle del Cauca,CO
2019-03-06 01:48:09.360,4.5,3.1,51.0,10.9848,-74.7834,"1 km N of Barranquilla, Colombia",",us1000jb2l,",Atlantico,CO
2019-02-19 11:06:30.290,4.6,2.0,105.0,4.1984,-76.781,"44 km NW of Darien, Colombia",",us2000jjyi,",Valle del Cauca,CO
2019-02-14 21:09:47.720,4.5,4.3,102.0,5.7132,-76.1371,"18 km WSW of Betania, Colombia",",us2000ji5i,",Antioquia,CO
2019-02-06 00:34:22.470,4.4,2.0,76.0,6.8571,-72.9948,"11 km N of Cepitá, Colombia",",us2000jdz7,",Santander,CO
2019-01-28 21:07:09.960,5.5,4.9,73.0,3.0835,-75.6461,"12 km S of Planadas, Colombia",",us2000j9um,",Tolima,CO
2019-01-26 12:32:26.830,5.6,5.0,67.0,3.0345,-75.7383,"13 km NW of Santa María, Colombia",",us2000j967,",Huila,CO
2019-01-24 03:04:57.770,5.2,4.1,62.0,6.7506,-73.0062,"3 km W of Cepitá, Colombia",",us2000j832,",Santander,CO
2018-12-05 14:11:15.720,4.6,2.0,36.0,13.0309,-81.3065,"37 km S of Mountain, Colombia",",us1000i2sg,","Archipielago de San Andres, Providencia y Santa Catalina",CO
2018-11-25 16:19:46.610,4.5,2.0,45.0,13.0131,-81.2118,"42 km SSE of Mountain, Colombia",",us1000hwds,","Archipielago de San Andres, Providencia y Santa Catalina",CO
2018-11-25 15:45:59.010,4.9,2.0,28.0,13.0623,-81.2039,"38 km SSE of Mountain, Colombia",",us1000hwdk,iscgem614337168,","Archipielago de San Andres, Providencia y Santa Catalina",CO
2018-11-25 03:40:50.810,6.0,3.1,25.0,13.1817,-81.0931,"36 km SE of Mountain, Colombia",",at00piqcvz,us1000hwaj,pt18329000,iscgem614337142,","Archipielago de San Andres, Providencia y Santa Catalina",CO
2018-10-29 21:31:16.790,5.0,2.5,41.0,8.6839,-77.2051,"20 km NNE of Acandí, Colombia",",us1000hirk,iscgem613517051,",Choco,CO
2018-10-24 20:02:45.100,4.7,2.0,77.0,4.7859,-76.2596,"4 km WNW of El Cairo, Colombia",",us1000hgnp,",Valle del Cauca,CO
2018-09-16 17:43:41.550,4.2,2.0,65.0,6.7762,-72.9383,"4 km ENE of Cepitá, Colombia",",us2000hfi3,",Santander,CO
2018-09-11 06:20:26.040,4.1,1.0,67.0,6.7218,-72.9768,"3 km S of Cepitá, Colombia",",us2000hcfu,",Santander,CO
2018-09-11 06:08:33.640,3.2,4.3,161.0,1.2493,-77.3936,"5 km SSE of La Florida, Colombia",",us2000hd3f,",Narino,CO
2018-08-22 13:06:20.890,4.5,2.0,106.0,6.2832,-74.1118,"18 km W of Cimitarra, Colombia",",us1000gftc,",Santander,CO
2018-08-07 15:53:59.180,5.3,4.6,30.0,6.7814,-72.9952,"3 km NW of Cepitá, Colombia",",us1000g4v6,",Santander,CO
2018-07-27 06:01:04.550,4.5,2.2,107.0,6.129,-77.4093,"10 km S of Bahía Solano, Colombia",",us2000geyk,",Choco,CO
2018-07-19 05:39:34.580,5.1,6.6,40.0,3.4257,-74.5982,"23 km ENE of Colombia, Colombia",",us2000g8gz,",Huila,CO
2018-07-07 00:19:52.490,4.5,3.8,85.0,2.9425,-75.621,"3 km ESE of Santa María, Colombia",",us2000fyt3,",Huila,CO
2018-06-22 20:08:53.150,4.4,2.0,93.0,3.8892,-76.2331,"7 km E of Guadalajara de Buga, Colombia",",us1000ez04,",Valle del Cauca,CO
2018-06-20 20:12:15.450,4.7,2.7,103.0,6.9233,-76.2432,"8 km WNW of Uramita, Colombia",",us1000ewt5,",Antioquia,CO
2018-06-12 09:35:25.480,4.9,5.6,42.0,1.0673,-77.2722,"13 km ESE of Tangua, Colombia",",us1000ep1l,",Narino,CO
2018-05-31 03:02:11.150,4.6,4.3,60.0,6.7598,-72.934,"4 km E of Cepitá, Colombia",",us1000efau,",Santander,CO
2018-05-29 14:15:41.800,3.4,3.8,183.0,1.2764,-77.4896,"2 km WSW of Sandoná, Colombia",",us1000eea0,",Narino,CO
2018-05-20 11:17:41.600,4.5,2.7,47.0,6.7626,-72.966,"1 km NE of Cepitá, Colombia",",us1000e8yh,",Santander,CO
2018-04-29 01:08:17.130,4.1,3.1,102.0,5.41,-76.1413,"24 km NNW of Pueblo Rico, Colombia",",us1000du57,",Risaralda,CO
2018-04-24 23:25:30.340,3.7,2.0,101.0,5.3035,-75.9188,"3 km WNW of Mistrató, Colombia",",us1000drr4,",Risaralda,CO
2018-04-23 15:42:09.790,5.3,5.0,21.0,5.1865,-75.5438,"3 km NW of Neira, Colombia",",us1000dqpz,",Caldas,CO
2018-04-23 06:49:34.250,4.3,3.0,61.0,7.3432,-73.0316,"2 km NW of Matanza, Colombia",",us1000dqiv,",Santander,CO
2018-04-01 15:16:58.700,4.3,3.1,53.0,4.2525,-76.3511,"5 km NW of Trujillo, Colombia",",us1000dc4l,",Valle del Cauca,CO
2018-02-25 00:38:05.840,4.4,2.0,65.0,6.5126,-73.3959,"10 km NW of Simacota, Colombia",",us2000d7jp,",Santander,CO
2018-02-19 01:50:36.640,4.8,4.1,52.0,4.0967,-76.6247,Colombia,",us2000d4he,",Valle del Cauca,CO
2018-02-04 15:11:18.180,4.5,2.0,81.0,6.7188,-72.9886,"4 km SSW of Cepitá, Colombia",",us1000cfp3,",Santander,CO
2018-01-23 05:31:34.170,4.5,4.3,93.0,8.229,-74.9986,"4 km WSW of Pueblo Nuevo, Colombia",",us2000cmwp,",Cordoba,CO
2018-01-21 17:51:58.320,4.7,2.2,43.0,6.8149,-72.9797,"6 km N of Cepitá, Colombia",",us2000cm5z,",Santander,CO
2018-01-08 12:58:27.190,4.9,3.6,29.0,6.7908,-72.9803,"4 km N of Cepitá, Colombia",",us1000c201,",Santander,CO
2017-12-21 19:26:40.150,4.6,3.8,91.0,4.1427,-76.2035,"5 km SW of Andalucía, Colombia",",us1000bung,",Valle del Cauca,CO
2017-12-10 05:33:09.080,4.3,2.6,67.0,6.7699,-73.0058,"3 km WNW of Cepitá, Colombia",",us2000c2jb,",Santander,CO
2017-11-23 20:44:40.960,4.4,2.0,81.0,7.4948,-76.076,"48 km NE of Mutatá, Colombia",",us2000btmv,",Antioquia,CO
2017-11-16 00:56:07.710,4.5,3.1,80.0,4.7377,-76.1183,"1 km N of Argelia, Colombia",",us2000bpce,",Valle del Cauca,CO
2017-11-15 02:12:17.850,4.4,3.4,78.0,3.7278,-76.1191,"10 km W of La Cumbre, Colombia",",us2000bnnm,",Valle del Cauca,CO
2017-11-11 14:45:22.240,4.7,3.8,100.0,2.7641,-74.9148,"38 km E of Rivera, Colombia",",us2000bm1j,",Huila,CO
2017-11-04 00:16:35.270,5.1,3.1,24.0,2.4828,-76.0318,"8 km SSE of Inzá, Colombia",",us2000bi7p,",Cauca,CO
2017-10-26 07:59:30.300,4.8,3.4,54.0,10.1361,-73.5644,"37 km WNW of Agustín Codazzi, Colombia",",us1000ax2t,",Cesar,CO
2017-10-01 01:35:25.240,5.1,4.3,30.0,7.5275,-73.148,"8 km NE of El Playón, Colombia",",us2000axct,",Santander,CO
2017-09-29 22:52:03.560,4.3,3.9,43.0,6.7514,-72.9693,"0 km ESE of Cepitá, Colombia",",us2000ax0h,",Santander,CO
2017-09-23 05:17:45.250,4.5,1.0,60.0,9.791,-74.7068,"8 km E of Plato, Colombia",",us2000atgp,",Magdalena,CO
2017-09-04 20:28:22.740,4.9,2.2,38.0,6.7475,-73.0026,"3 km WSW of Cepitá, Colombia",",us2000afmq,",Santander,CO
2017-08-08 20:43:42.230,5.1,3.4,56.0,6.5362,-72.0903,"36 km ENE of Güicán, Colombia",",us2000a62q,",Boyaca,CO
2017-07-30 05:57:05.060,4.5,3.1,80.0,4.7693,-75.1486,"11 km SSE of Murillo, Colombia",",us2000a2mj,",Tolima,CO
2017-07-30 05:40:41.090,4.7,6.4,80.0,4.8565,-74.9998,"8 km NNE of Junín, Colombia",",us2000a2mh,",Tolima,CO
2017-07-24 13:25:03.430,4.7,3.8,64.0,6.7983,-72.9907,"5 km NNW of Cepitá, Colombia",",us2000a0ep,",Santander,CO
2017-07-08 22:23:35.820,4.3,2.0,45.0,6.8382,-73.0105,"10 km NNW of Cepitá, Colombia",",us1000989h,",Santander,CO
2017-07-02 19:26:28.710,5.1,4.1,64.0,3.5937,-73.9848,"8 km NNE of Lejanías, Colombia",",us1000969j,iscgem610757105,",Meta,CO
2017-06-19 20:02:34.460,4.3,2.0,102.0,4.9142,-76.7041,"11 km WSW of Nóvita, Colombia",",us20009nm7,",Choco,CO
2017-06-09 21:17:40.390,4.9,2.5,42.0,11.6675,-72.2633,"5 km S of Uribia, Colombia",",us20009lmm,iscgem610669130,",La Guajira,CO
2017-05-31 21:14:42.710,4.4,2.0,30.0,12.0713,-73.8903,"97 km NNE of Santa Marta, Colombia",",us10008wyh,",Magdalena,CO
2017-05-27 12:15:48.070,4.7,4.1,39.0,6.7984,-73.0164,"6 km NW of Cepitá, Colombia",",us10008vse,",Santander,CO
2017-05-06 02:52:40.680,4.4,3.1,84.0,3.7583,-76.7291,"12 km NNW of Dagua, Colombia",",us10008pzu,",Valle del Cauca,CO
2017-05-03 16:45:37.940,4.3,3.8,44.0,6.892,-76.3217,"13 km SSW of Dabeiba, Colombia",",us10008nw5,",Antioquia,CO
2017-04-29 10:06:33.260,4.8,3.9,64.0,3.816,-75.9283,"14 km NE of La Cumbre, Colombia",",us10008lzv,",Valle del Cauca,CO
2017-04-14 22:16:06.280,4.6,4.1,33.0,8.3585,-72.719,"31 km S of Tibú, Colombia",",us10008hqe,",Norte de Santander,CO
2017-03-24 09:00:55.960,5.2,2.0,29.0,3.3117,-79.4066,"138 km NW of Mosquera, Colombia",",us20008u8i,",Narino,CO
2017-03-21 10:30:17.460,4.7,3.6,37.0,7.1088,-73.8618,"4 km N of Barrancabermeja, Colombia",",us20008thx,",Santander,CO
2017-03-21 08:31:20.990,5.0,5.8,50.0,6.2863,-77.5221,"14 km WNW of Bahía Solano, Colombia",",us20008thb,iscgem610394260,",Choco,CO
2017-03-16 15:38:10.600,5.2,2.6,42.0,4.8928,-72.6021,"17 km NNW of Ubalá, Colombia",",us20008shs,iscgem610330738,",Cundinamarca,CO
2017-02-28 09:24:38.470,4.2,1.0,81.0,6.8309,-73.0154,"9 km NNW of Cepitá, Colombia",",us20008mwt,",Santander,CO
2017-02-12 09:32:26.520,5.2,2.0,23.0,12.2926,-72.9907,"82 km NW of Manaure, Colombia",",us20008jbe,",La Guajira,CO
2017-02-06 13:02:45.140,5.5,5.7,47.0,3.4493,-74.6715,"16 km ENE of Colombia, Colombia",",us20008hx7,iscgem610198059,",Huila,CO
2017-02-03 20:33:08.160,4.2,1.0,88.0,2.4226,-77.7205,"24 km SE of Guapí, Colombia",",us20008k90,",Cauca,CO
2017-02-01 00:18:25.480,4.7,3.1,43.0,6.8088,-72.9613,"6 km NNE of Cepitá, Colombia",",us10007wjr,",Santander,CO
2017-01-28 15:49:35.240,4.4,4.3,102.0,6.6236,-76.9979,"11 km WNW of Vigía del Fuerte, Colombia",",us10007vy1,",Choco,CO
2017-01-21 06:34:05.780,4.0,3.8,72.0,4.509,-74.1107,"10 km NW of Chipaque, Colombia",",us10007ula,",Cundinamarca,CO
2017-01-19 12:01:04.900,4.7,4.8,79.0,5.899,-76.1462,"14 km WNW of Ciudad Bolívar, Colombia",",us10007u36,",Antioquia,CO
2016-12-28 05:05:04.970,4.7,3.6,42.0,1.6873,-76.9221,"10 km E of San Pablo, Colombia",",us10007n50,",Narino,CO
2016-12-23 03:43:51.310,4.4,2.0,100.0,2.6595,-75.5794,"6 km E of Íquira, Colombia",",us10007m63,",Huila,CO
2016-12-22 08:59:29.290,4.9,3.4,55.0,4.7048,-77.2213,"31 km SSE of Pizarro, Colombia",",us10007ly9,",Choco,CO
2016-12-16 19:45:20.340,4.5,2.0,65.0,3.3938,-74.2744,"25 km W of Mesetas, Colombia",",us200081nl,",Meta,CO
2016-12-10 23:50:14.830,4.4,3.1,72.0,6.764,-72.9395,"4 km ENE of Cepitá, Colombia",",us20007zve,",Santander,CO
2016-12-06 04:51:01.910,4.7,4.1,62.0,4.7443,-77.2476,"26 km SSE of Pizarro, Colombia",",us10007f3m,",Choco,CO
2016-11-29 13:19:36.570,4.2,1.0,149.0,6.6168,-72.8662,"8 km SW of Molagavita, Colombia",",us10007gkw,",Santander,CO
2016-11-26 19:32:38.630,4.3,2.0,52.0,5.5127,-73.9445,"8 km ESE of Maripí, Colombia",",us10007cl9,",Boyaca,CO
2016-10-31 02:05:58.040,5.0,5.3,73.0,3.4027,-74.5019,"33 km E of Colombia, Colombia",",us1000735x,iscgem609625251,",Huila,CO
2016-10-31 00:20:11.640,5.6,5.2,35.0,3.4466,-74.4951,"34 km ENE of Colombia, Colombia",",us1000735j,gcmt20161031002012,iscgem611830943,",Huila,CO
2016-09-22 10:42:17.580,4.8,3.4,35.0,6.7735,-72.9705,"2 km NNE of Cepitá, Colombia",",us10006rl0,",Santander,CO
2016-09-14 15:59:34.140,4.8,3.4,83.0,7.3934,-76.2278,"28 km NE of Mutatá, Colombia",",us10006pht,",Antioquia,CO
2016-09-14 12:02:51.430,4.7,4.3,52.0,7.3321,-76.1716,"30 km ENE of Mutatá, Colombia",",us10006pgh,",Antioquia,CO
2016-09-14 06:46:58.900,4.9,4.3,83.0,7.358,-76.1468,"34 km ENE of Mutatá, Colombia",",us10006pfi,",Antioquia,CO
2016-09-14 01:58:31.570,6.0,5.3,32.0,7.3736,-76.1686,"32 km ENE of Mutatá, Colombia",",us10006pdp,gcmt20160914015831,iscgem609442350,",Antioquia,CO
2016-08-26 04:55:15.530,4.5,2.2,63.0,6.721,-72.927,"6 km SE of Cepitá, Colombia",",us20006u4m,",Santander,CO
2016-08-07 08:20:13.240,4.6,1.0,48.0,6.9284,-76.2137,"5 km NW of Uramita, Colombia",",us10006bxf,",Antioquia,CO
2016-07-26 04:32:20.400,4.9,3.1,66.0,6.8164,-73.0401,"9 km NW of Cepitá, Colombia",",us20006hnk,",Santander,CO
2016-07-13 10:33:24.280,4.2,1.0,42.0,6.8015,-73.0183,"7 km NW of Cepitá, Colombia",",us10006381,",Santander,CO
2016-07-13 02:15:43.930,4.2,1.0,69.0,5.3471,-73.6464,"6 km SE of Guachetá, Colombia",",us20006ftf,",Cundinamarca,CO
2016-07-11 00:50:38.580,4.3,3.0,56.0,3.7039,-76.7513,"8 km NW of Dagua, Colombia",",us20006fq2,",Valle del Cauca,CO
2016-07-04 02:08:28.920,4.4,1.0,107.0,6.8989,-73.0952,"11 km SSW of Piedecuesta, Colombia",",us100062ke,",Santander,CO
2016-06-28 03:29:09.800,4.4,1.0,30.0,6.8513,-73.0154,"11 km NNW of Cepitá, Colombia",",us200067eh,",Santander,CO
2016-06-23 22:28:55.450,4.4,3.4,38.0,6.8285,-73.0238,"9 km NNW of Cepitá, Colombia",",us200066cn,",Santander,CO
2016-06-23 05:35:36.950,4.5,1.0,28.0,6.7846,-72.9697,"3 km N of Cepitá, Colombia",",us20006664,",Santander,CO
2016-06-15 02:54:36.270,4.6,4.3,47.0,5.7368,-77.5702,"33 km W of Nuquí, Colombia",",us200064h0,",Choco,CO
2016-05-30 23:43:26.640,4.4,1.0,80.0,6.935,-73.1317,"10 km WSW of Piedecuesta, Colombia",",us200061r3,",Santander,CO
2016-05-22 13:57:56.860,4.3,1.0,54.0,6.8835,-73.072,"11 km SSW of Piedecuesta, Colombia",",us20005yjl,",Santander,CO
2016-05-20 17:27:30.610,4.2,1.0,41.0,6.8685,-73.1168,"15 km SSW of Piedecuesta, Colombia",",us20005y4r,",Santander,CO
2016-05-15 13:35:32.310,4.2,1.0,52.0,6.9476,-73.1265,"9 km WSW of Piedecuesta, Colombia",",us10005ix9,",Santander,CO
2016-05-13 13:25:24.320,4.2,1.0,109.0,6.9191,-73.0666,"7 km SSW of Piedecuesta, Colombia",",us10005iv2,",Santander,CO
2016-05-11 14:46:09.380,4.4,1.0,47.0,6.8225,-72.9845,northern Colombia,",us10005gje,",Santander,CO
2016-05-06 13:56:40.820,4.2,1.0,85.0,7.3933,-73.0789,"10 km NW of Matanza, Colombia",",us10005h5l,",Santander,CO
2016-04-30 16:11:46.330,4.4,1.0,49.0,6.6808,-72.9867,"3 km ESE of Aratoca, Colombia",",us10005cqm,",Santander,CO
2016-04-26 01:50:15.110,4.3,2.9,38.0,6.587,-73.5013,"12 km S of El Carmen de Chucurí, Colombia",",us10005bk0,",Santander,CO
2016-04-11 09:29:28.390,5.1,3.4,32.0,7.0249,-76.6152,"23 km ENE of Murindó, Colombia",",us20005gx4,iscgem610744971,",Antioquia,CO
2016-04-01 14:02:44.530,4.3,1.0,96.0,6.9231,-73.0895,"8 km SSW of Piedecuesta, Colombia",",us20005g2g,",Santander,CO
2016-03-30 22:15:02.090,4.2,1.0,140.0,3.2542,-79.3272,"127 km NW of Mosquera, Colombia",",us20005fm3,",Narino,CO
2016-03-24 21:27:00.730,4.6,1.0,155.0,6.9559,-73.1948,"11 km ENE of Betulia, Colombia",",us20005dep,",Santander,CO
2016-03-17 08:46:03.160,4.0,2.2,87.0,5.4641,-74.4619,"13 km NNE of Caparrapí, Colombia",",us20005aep,",Cundinamarca,CO
2016-03-13 13:17:49.310,4.5,1.0,82.0,3.5663,-74.4325,"44 km SSE of Villarrica, Colombia",",us10004x75,",Tolima,CO
2016-03-09 06:27:17.070,5.0,2.2,24.0,6.8264,-73.0422,"10 km NW of Cepitá, Colombia",",us10004w8b,",Santander,CO
2016-03-06 04:59:16.100,4.2,1.0,80.0,6.8753,-73.239,"5 km ESE of Betulia, Colombia",",us10004whl,",Santander,CO
2016-02-28 14:29:50.620,4.1,1.0,69.0,6.6966,-72.9795,"4 km E of Aratoca, Colombia",",us10004udb,",Santander,CO
2016-02-28 05:28:13.270,4.3,4.1,47.0,6.7738,-72.9644,"2 km NNE of Cepitá, Colombia",",us10004t9s,",Santander,CO
2016-02-17 15:27:41.650,4.0,3.6,96.0,6.878,-73.0318,"12 km S of Piedecuesta, Colombia",",us10004qn4,",Santander,CO
2016-02-17 14:49:55.540,4.4,3.0,73.0,3.6211,-72.9565,"33 km ESE of San Carlos de Guaroa, Colombia",",us10004qmg,",Meta,CO
2016-02-14 16:37:14.750,4.4,1.0,61.0,12.3341,-73.3571,"100 km NNW of Riohacha, Colombia",",us10004qjt,",La Guajira,CO
2016-02-10 23:41:42.030,4.4,1.0,42.0,6.7957,-73.0323,"7 km NW of Cepitá, Colombia",",us20004zeh,",Santander,CO
2016-02-06 12:05:31.140,4.3,1.0,49.0,6.8302,-73.0439,"11 km NW of Cepitá, Colombia",",us20004ybp,",Santander,CO
2016-01-25 22:34:47.130,4.3,1.0,183.0,1.8602,-79.2945,near the coast of Ecuador,",us20004vka,",Narino,CO
2016-01-24 09:28:53.530,4.4,1.0,42.0,6.8158,-73.0647,"9 km NNE of Jordán, Colombia",",us10004gq7,",Santander,CO
2016-01-22 02:41:15.230,4.9,4.1,51.0,4.8653,-78.2208,"95 km W of Pizarro, Colombia",",us10004g9b,gcmt20160122024115,",Choco,CO
2016-01-14 17:35:13.800,4.6,1.0,45.0,6.9293,-76.2439,"8 km SSE of Dabeiba, Colombia",",us10004ekg,",Antioquia,CO
2016-01-10 10:33:51.930,4.4,1.0,53.0,5.9528,-76.4526,"36 km NE of Quibdó, Colombia",",us10004d9z,",Choco,CO
2016-01-08 14:55:19.370,4.5,1.0,61.0,5.2702,-72.5096,"11 km NNE of Aguazul, Colombia",",us10004cd2,",Casanare,CO
2016-01-06 01:28:21.830,4.5,2.9,78.0,2.8738,-75.7731,"16 km WSW of Santa María, Colombia",",us10004bnl,",Huila,CO
2016-01-04 21:05:55.280,4.4,1.0,41.0,6.8216,-73.0316,"9 km NW of Cepitá, Colombia",",us10004bcw,",Santander,CO
2015-11-30 21:51:48.400,4.4,1.0,80.0,6.8172,-73.0172,"8 km NW of Cepitá, Colombia",",us100042a9,",Santander,CO
2015-11-28 17:45:03.440,4.8,3.4,34.0,6.7085,-72.9931,"3 km ENE of Aratoca, Colombia",",us100041x9,",Santander,CO
2015-11-28 11:00:19.860,4.7,1.0,56.0,4.0152,-71.2338,"86 km S of Orocué, Colombia",",us100042pv,",Casanare,CO
2015-11-02 14:31:15.970,4.0,1.0,56.0,6.9812,-73.175,"9 km S of Girón, Colombia",",us20004205,",Santander,CO
2015-10-29 22:40:25.090,4.5,1.0,31.0,6.8498,-73.0719,"13 km NNE of Jordán, Colombia",",us200040ls,",Santander,CO
2015-10-14 07:47:18.980,5.0,5.9,31.0,7.6522,-73.3038,"15 km SE of San Alberto, Colombia",",us10003niy,gcmt20151014074719,",Cesar,CO
2015-10-12 04:35:40.770,5.2,4.2,24.0,7.5362,-77.476,"40 km WNW of Riosucio, Colombia",",us10003mxh,gcmt20151012043540,",Choco,CO
2015-09-23 18:47:23.230,4.4,3.4,68.0,6.5415,-73.4908,"17 km S of El Carmen de Chucurí, Colombia",",us20003nfc,",Santander,CO
2015-09-19 20:45:45.960,4.7,2.2,37.0,6.0444,-74.2489,"37 km WNW of La Belleza, Colombia",",us20003lzl,",Santander,CO
2015-09-18 04:35:09.680,4.7,5.2,64.0,4.1776,-75.7522,"15 km S of Génova, Colombia",",us20003l3i,",Quindio,CO
2015-09-05 23:14:53.500,4.6,3.4,33.0,3.9474,-76.358,"8 km NW of Guadalajara de Buga, Colombia",",us20003guc,",Valle del Cauca,CO
2015-08-31 17:42:19.580,4.1,1.0,41.0,3.9102,-71.1105,"100 km SSE of Orocué, Colombia",",us20003f5n,",Casanare,CO
2015-08-24 02:15:50.620,4.4,1.0,52.0,3.8666,-71.2033,"103 km S of Orocué, Colombia",",us100034e9,",Casanare,CO
2015-08-22 10:00:19.000,4.5,1.0,51.0,6.0298,-77.513,"24 km SSW of Bahía Solano, Colombia",",us1000346t,",Choco,CO
2015-08-21 14:16:22.200,4.3,4.1,105.0,4.4812,-75.666,"6 km SSW of Calarcá, Colombia",",us100034d6,",Quindio,CO
2015-08-10 16:59:43.010,4.4,1.0,73.0,5.2914,-72.5448,"13 km N of Aguazul, Colombia",",us100030uq,",Casanare,CO
2015-07-26 10:13:06.320,4.2,1.0,58.0,6.8911,-73.1014,"12 km SSW of Piedecuesta, Colombia",",us2000307a,",Santander,CO
2015-07-19 11:16:21.470,4.9,1.0,54.0,2.7567,-78.8985,"56 km WNW of Mosquera, Colombia",",us20002yi3,",Narino,CO
2015-07-14 23:26:57.360,4.7,1.0,42.0,6.8063,-73.011,"7 km NW of Cepitá, Colombia",",us20002xih,",Santander,CO
2015-07-01 05:55:25.260,4.6,3.4,41.0,6.8576,-73.0132,"12 km NNW of Cepitá, Colombia",",us10002mr1,",Santander,CO
2015-05-16 09:00:56.430,4.4,4.3,74.0,5.4487,-72.9153,"8 km SSW of Aquitania, Colombia",",us100029qy,",Boyaca,CO
2015-05-09 14:31:50.920,4.7,6.1,41.0,11.4829,-72.1176,"17 km NE of Maicao, Colombia",",us20002e2t,",La Guajira,CO
2015-05-04 02:10:29.070,4.3,1.0,83.0,6.7844,-73.0325,"7 km WNW of Cepitá, Colombia",",us20002eky,",Santander,CO
2015-05-02 09:51:43.340,4.6,2.7,36.0,6.7731,-73.0066,northern Colombia,",us20002aue,",Santander,CO
2015-04-27 22:28:00.350,4.3,1.0,70.0,6.7256,-72.9039,"8 km ESE of Cepitá, Colombia",",us20002bwe,",Santander,CO
2015-04-11 04:29:02.740,4.5,5.2,58.0,6.3864,-73.1375,"4 km SE of Páramo, Colombia",",us200025t7,",Santander,CO
2015-04-06 22:20:35.630,4.2,1.0,176.0,6.6213,-72.8412,"6 km SSW of Molagavita, Colombia",",us200026fv,",Santander,CO
2015-03-24 20:52:27.540,4.3,1.0,55.0,6.8316,-73.0317,"10 km NW of Cepitá, Colombia",",us10001qei,",Santander,CO
2015-03-10 20:55:44.370,6.2,5.9,13.0,6.7757,-72.9875,"2 km NNW of Cepitá, Colombia",",us10001ldx,gcmt20150310205543,iscgem606843704,atlas20150310205544,",Santander,CO
2015-02-27 19:00:10.680,4.0,1.0,93.0,1.0649,-77.5007,"1 km NNW of Imués, Colombia",",usc000tttf,",Narino,CO
2015-02-22 12:56:24.400,5.5,4.1,29.0,2.7299,-76.5012,"7 km SSW of Caldono, Colombia",",usc000tsa5,gcmt20150222125624,iscgem606759144,",Cauca,CO
2015-02-21 02:14:10.990,4.3,1.0,68.0,6.7199,-72.9878,"4 km SSW of Cepitá, Colombia",",usc000tt1p,",Santander,CO
2015-02-13 04:45:27.570,4.3,2.0,46.0,6.7625,-73.0108,northern Colombia,",usb000tny3,",Santander,CO
2015-02-09 13:55:48.670,4.3,1.0,167.0,6.4165,-73.2849,"1 km NNE of Palmas del Socorro, Colombia",",usb000tp3j,",Santander,CO
2015-02-05 23:42:21.090,4.2,1.0,65.0,5.143,-78.1049,"84 km WNW of Pizarro, Colombia",",usb000tnkr,",Choco,CO
2015-01-25 10:15:46.630,4.5,2.2,66.0,6.7651,-73.0564,"5 km NE of Jordán, Colombia",",usc000tiwy,",Santander,CO
2015-01-14 18:51:06.200,4.0,1.0,77.0,6.723,-72.911,"7 km ESE of Cepitá, Colombia",",usc000tfrv,",Santander,CO
2015-01-10 06:17:55.370,4.4,1.0,94.0,8.4627,-77.1279,"17 km ESE of Acandí, Colombia",",usc000tef8,",Choco,CO
2014-12-23 19:08:44.360,4.1,1.0,94.0,6.7649,-72.9786,"1 km NNW of Cepitá, Colombia",",usc000td75,",Santander,CO
2014-12-21 20:06:19.820,4.4,1.0,122.0,6.1883,-77.9047,"55 km W of Bahía Solano, Colombia",",usc000tcv5,",Choco,CO
2014-12-14 01:49:30.580,4.7,3.4,54.0,5.3759,-73.5845,"7 km W of Ventaquemada, Colombia",",usc000t6fp,",Boyaca,CO
2014-12-03 20:15:32.010,4.3,1.0,151.0,6.6982,-72.9049,"9 km SE of Cepitá, Colombia",",usc000t7df,",Santander,CO
2014-11-30 23:22:00.210,4.3,1.0,104.0,4.2444,-71.446,"61 km S of Orocué, Colombia",",usc000t6u5,",Casanare,CO
2014-11-30 04:49:47.960,4.1,1.0,70.0,6.7097,-72.8977,"9 km ESE of Cepitá, Colombia",",usc000t6tf,",Santander,CO
2014-11-27 19:43:30.890,4.4,1.0,56.0,9.1923,-75.2228,"9 km SSE of San Juan de Betulia, Colombia",",usb000t0rq,",Sucre,CO
2014-11-26 06:19:37.580,4.5,1.0,70.0,5.5524,-77.8586,"67 km WSW of Nuquí, Colombia",",usb000t05s,",Choco,CO
2014-11-25 20:20:16.320,5.1,3.8,33.0,6.7588,-72.949,"2 km E of Cepitá, Colombia",",usb000szzw,",Santander,CO
2014-11-20 05:40:10.550,4.7,1.0,70.0,6.712,-72.9385,"6 km SE of Cepitá, Colombia",",usb000sy5r,",Santander,CO
2014-11-14 13:30:20.880,4.5,1.0,121.0,6.6177,-73.5204,"8 km S of El Carmen de Chucurí, Colombia",",usb000t0h8,",Santander,CO
2014-11-14 11:22:06.060,4.3,1.0,146.0,6.8119,-73.0035,"7 km NNW of Cepitá, Colombia",",usb000t0hd,",Santander,CO
2014-11-09 12:46:26.850,4.4,1.0,51.0,12.8854,-72.5905,"123 km N of Manaure, Colombia",",usc000svu7,",La Guajira,CO
2014-11-07 21:58:56.920,4.7,1.0,86.0,6.7936,-73.2467,"3 km SE of Zapatoca, Colombia",",usc000syxe,",Santander,CO
2014-11-03 18:13:29.040,4.5,1.0,150.0,6.7291,-72.9289,"5 km ESE of Cepitá, Colombia",",usc000sxc8,",Santander,CO
2014-10-31 21:24:30.200,4.5,1.0,62.0,4.8804,-76.2802,"5 km WSW of San José del Palmar, Colombia",",usc000st8z,",Choco,CO
2014-10-29 14:52:13.420,4.7,1.0,51.0,0.8593,-77.8412,"7 km SW of Cumbal, Colombia",",usb000srdg,",Narino,CO
2014-10-21 08:01:03.310,4.3,1.0,53.0,7.4408,-73.0289,"9 km NNW of Suratá, Colombia",",usc000stxd,",Santander,CO
2014-10-19 02:20:34.390,4.4,1.0,61.0,4.9021,-75.8767,"0 km ENE of La Virginia, Colombia",",usb000sny7,",Risaralda,CO
2014-10-18 11:03:53.030,4.2,1.0,81.0,6.6854,-72.8986,"10 km W of Molagavita, Colombia",",usb000ss0d,",Santander,CO
2014-10-15 15:24:38.620,4.5,1.0,54.0,6.7463,-73.0239,"5 km W of Cepitá, Colombia",",usb000smg6,",Santander,CO
2014-10-14 23:57:48.010,4.5,2.0,64.0,5.2079,-77.9364,"69 km WNW of Pizarro, Colombia",",usb000sm92,",Choco,CO
2014-10-07 06:05:56.520,4.7,1.0,56.0,6.2099,-77.5713,"18 km W of Bahía Solano, Colombia",",usb000sjfh,",Choco,CO
2014-10-04 03:36:33.210,4.7,3.8,46.0,6.7622,-72.9688,"1 km NE of Cepitá, Colombia",",usb000sipu,",Santander,CO
2014-10-04 03:22:18.320,4.5,1.0,60.0,5.4118,-77.6988,"57 km SW of Nuquí, Colombia",",usb000sipr,",Choco,CO
2014-10-03 10:11:51.570,4.3,1.0,80.0,6.7732,-73.002,"3 km NW of Cepitá, Colombia",",usb000smdy,",Santander,CO
2014-10-02 12:09:38.780,4.1,1.0,66.0,6.8371,-72.923,"8 km WSW of Guaca, Colombia",",usb000sm09,",Santander,CO
2014-10-01 15:37:29.080,4.6,2.9,40.0,6.7047,-72.9661,"5 km S of Cepitá, Colombia",",usb000shsx,",Santander,CO
2014-08-03 09:38:06.800,5.0,2.2,55.0,3.5848,-77.6941,"77 km W of Buenaventura, Colombia",",usb000rzmp,",Valle del Cauca,CO
2014-06-16 13:26:46.720,5.3,3.9,47.0,11.7101,-81.3577,"103 km SSE of San Andrés, Colombia",",usc000rg36,","Archipielago de San Andres, Providencia y Santa Catalina",CO
2014-06-16 06:39:32.260,5.7,3.1,51.0,1.6444,-79.2557,"51 km NW of Pampanal de Bolívar, Ecuador",",usc000rfye,iscgem604727835,atlas20140616063932,",Narino,CO
2014-06-12 06:30:42.470,4.2,2.0,74.0,4.2284,-73.8904,"8 km W of Guayabetal, Colombia",",usc000redn,",Cundinamarca,CO
2014-06-01 02:37:35.490,4.6,4.3,17.0,10.3107,-72.7914,"27 km ESE of Manaure Balcón del Cesar, Colombia",",usc000r9pg,iscgem604664403,",Cesar,CO
2014-03-14 23:26:36.140,4.7,3.8,24.0,10.2809,-72.8876,"20 km SE of Manaure Balcón del Cesar, Colombia",",usc000nc2t,",Cesar,CO
2014-03-11 13:57:03.020,4.7,2.3,56.0,5.2485,-72.7971,"4 km WNW of Recetor, Colombia",",usc000n7p5,",Casanare,CO
2014-02-17 09:41:36.170,5.4,4.1,24.0,6.5373,-71.6995,"9 km NNE of Tame, Colombia",",usc000mry2,iscgem604052715,",Arauca,CO
2014-02-07 20:37:10.940,5.2,6.4,23.0,6.6913,-72.9584,"6 km E of Aratoca, Colombia",",usc000mkir,",Santander,CO
2014-01-09 14:03:30.060,4.6,3.8,110.0,2.9792,-75.8777,"20 km SSW of Gaitania, Colombia",",usb000m7dk,",Huila,CO
2014-01-09 12:50:18.420,5.0,3.1,61.0,2.9737,-75.8432,"19 km S of Gaitania, Colombia",",usc000lzbq,iscgem603947032,",Huila,CO
2014-01-05 03:36:40.590,5.5,4.8,21.0,4.557,-76.644,"10 km S of Sipí, Colombia",",usc000lx2l,iscgem603928285,",Choco,CO
2013-12-30 00:12:57.800,4.8,3.4,40.0,6.7139,-72.9523,"5 km SSE of Cepitá, Colombia",",usc000ltx3,",Santander,CO
2013-11-21 16:17:52.220,4.6,2.8,47.0,6.7677,-73.0236,"5 km WNW of Cepitá, Colombia",",usb000l3kq,",Santander,CO
2013-08-27 23:22:06.450,4.8,4.3,69.0,3.806,-76.6281,"11 km W of Restrepo, Colombia",",usb000jcf8,",Valle del Cauca,CO
2013-08-25 23:35:54.300,4.8,6.1,53.0,7.6874,-74.9026,"13 km NW of El Bagre, Colombia",",usb000jbrv,",Antioquia,CO
2013-08-13 15:43:15.200,6.7,3.8,22.0,5.7732,-78.1999,"101 km WSW of Bahía Solano, Colombia",",pt13225000,at00mrh7o5,usb000j275,iscgem608161323,",Choco,CO
2013-07-25 12:09:25.030,4.8,3.4,36.0,6.734,-72.991,"2 km SW of Cepitá, Colombia",",usc000inn7,",Santander,CO
2013-06-18 06:02:02.740,4.6,3.1,40.0,6.793,-73.076,"6 km NNE of Jordán, Colombia",",usc000hthv,",Santander,CO
2013-02-09 14:16:07.880,6.9,5.2,23.7,1.135,-77.393,"2 km NNE of Yacuanquer, Colombia",",usc000f4ij,choy20130209141607,at00mhyiat,pt13040002,iscgem602430285,atlas20130209141607,",Narino,CO
2013-01-02 16:50:39.480,4.6,3.4,66.4,4.101,-76.274,"6 km SSE of Riofrío, Colombia",",us2013jxan,usp000jxrc,",Valle del Cauca,CO
2012-10-20 03:42:02.650,4.4,3.1,30.0,10.942,-74.158,"12 km SE of Ciénaga, Colombia",",usb000d9cm,usp000ju6v,",Magdalena,CO
2012-09-30 16:31:35.970,7.3,6.7,15.5,1.929,-76.362,"11 km WNW of San Agustín, Colombia",",us2012gdap,choy20120930163136,usp000jta1,iscgem601768557,atlas20120930163135,",Huila,CO
2012-09-30 09:30:12.910,4.3,3.9,123.2,8.411,-77.087,"23 km ESE of Acandí, Colombia",",usp000jt9s,usc000cyeg,",Choco,CO
2012-09-01 05:09:45.650,5.1,4.8,30.2,6.719,-72.919,"7 km ESE of Cepitá, Colombia",",usp000jrcv,usc000cd2t,",Santander,CO
2012-07-31 01:26:39.810,4.5,3.9,86.8,4.555,-75.918,"6 km ESE of Obando, Colombia",",usb000bjkl,usp000jpny,",Valle del Cauca,CO
2012-07-09 09:50:39.710,4.3,3.9,42.7,7.378,-73.032,"5 km WNW of Suratá, Colombia",",usp000jnsu,usb000b17v,",Santander,CO
2012-06-27 03:47:52.000,4.5,4.3,64.6,3.755,-76.343,"1 km SW of Guacarí, Colombia",",usp000jn9m,usb000ari8,",Valle del Cauca,CO
2012-03-01 01:41:11.220,4.7,4.8,55.5,4.214,-76.539,"24 km W of Trujillo, Colombia",",usb00088x6,usp000jfmm,",Valle del Cauca,CO
2012-02-25 06:15:12.000,4.8,3.8,29.7,6.778,-73.135,"6 km NW of Jordán, Colombia",",usb00085pt,usp000jfbu,",Santander,CO
2012-02-24 13:43:16.660,5.3,5.7,33.4,6.702,-72.952,"6 km SSE of Cepitá, Colombia",",usp000jfaq,usb00085at,",Santander,CO
2012-02-24 03:05:40.730,4.4,3.4,122.8,6.701,-72.885,"8 km WNW of Molagavita, Colombia",",usp000jf9z,usb000857g,",Santander,CO
2012-01-25 14:37:02.660,5.0,2.5,59.6,5.519,-77.505,"33 km SW of Nuquí, Colombia",",usc0007rda,usp000jdyu,",Choco,CO
2012-01-01 02:40:36.400,4.0,3.4,129.3,6.677,-73.11,"6 km SSW of Jordán, Colombia",",us2012vfai,usp000jcwk,",Santander,CO
2011-10-07 16:42:13.830,4.6,4.6,91.6,3.754,-76.105,"9 km WNW of La Cumbre, Colombia",",usp000j91t,usc000663a,",Valle del Cauca,CO
2011-09-13 04:49:35.000,5.7,2.4,48.0,5.617,-77.471,near the west coast of Colombia,",usp000j7zs,usc0005tgm,atlas20110913044935,iscgem17223295,",Choco,CO
2011-07-06 04:16:15.000,4.7,4.3,58.6,5.67,-76.09,"15 km SW of Betania, Colombia",",usc0004nv9,usp000j47n,",Antioquia,CO
2011-06-01 22:58:01.050,5.0,4.0,61.2,4.79,-75.767,"8 km WSW of Pereira, Colombia",",usc0003wwf,usp000j2jj,",Risaralda,CO
2011-05-20 03:14:50.550,4.7,4.1,33.8,6.725,-72.908,"8 km ESE of Cepitá, Colombia",",usp000j1vf,usc0003jhr,",Santander,CO
2011-05-13 15:18:24.590,4.9,3.4,33.7,6.722,-72.927,northern Colombia,",usp000j1hr,usc0003e5m,",Santander,CO
2011-04-02 17:30:06.710,4.9,2.2,28.6,6.778,-72.957,"3 km NE of Cepitá, Colombia",",usp000hz54,usc0002hln,",Santander,CO
2011-03-20 13:39:59.620,4.6,3.2,61.0,4.883,-76.046,"3 km S of El Águila, Colombia",",usc00027h2,usp000hy1z,",Valle del Cauca,CO
2011-03-02 18:50:49.410,5.7,3.7,31.3,8.596,-76.855,"20 km NNW of Necoclí, Colombia",",usb0001n6h,usp000hv8x,iscgem16176414,atlas20110302185049,",Antioquia,CO
2011-01-31 07:13:42.600,4.9,4.8,53.3,3.941,-76.395,"8 km N of Yotoco, Colombia",",usb000170a,usp000htwj,",Valle del Cauca,CO
2010-07-29 19:34:46.490,5.1,4.8,64.7,3.924,-74.999,"1 km ESE of Saldaña, Colombia",",usp000hh42,us2010zhcg,gcmtc201007291934a,gcmt20100729193446,iscgem15048996,",Tolima,CO
2010-06-05 01:20:00.140,4.8,3.0,26.7,5.091,-72.377,"20 km ESE of Aguazul, Colombia",",us2010xdab,usp000hdku,gcmtc201006050120a,gcmt20100605012000,",Casanare,CO
2010-04-13 16:51:35.400,4.5,3.4,81.7,4.627,-76.445,"22 km E of Sipí, Colombia",",us2010vabu,usp000hbb0,",Valle del Cauca,CO
2010-03-04 22:09:13.100,4.9,3.8,46.4,4.89,-75.49,"14 km E of Santa Rosa de Cabal, Colombia",",us2010tkcp,usp000h8qn,",Risaralda,CO
2010-03-03 07:51:31.060,4.7,4.8,46.7,6.811,-72.926,"8 km NE of Cepitá, Colombia",",us2010tja2,usp000h8km,",Santander,CO
2010-02-02 22:32:00.580,4.8,3.0,46.3,6.744,-72.908,northern Colombia,",us2010sfcd,usp000h6w8,",Santander,CO
2010-01-29 17:52:23.040,4.9,5.4,52.5,4.726,-75.971,"6 km WSW of Cartago, Colombia",",us2010sbbf,usp000h6s2,gcmtc201001291752a,gcmt20100129175223,",Valle del Cauca,CO
2010-01-16 05:11:07.720,4.4,2.7,52.3,5.111,-72.871,"11 km S of Chámeza, Colombia",",usp000h66g,us2010rnag,",Casanare,CO
2009-12-18 14:30:03.390,5.1,4.8,67.2,3.047,-76.234,"10 km NNE of Toribío, Colombia",",us2009qiaw,usp000h55e,gcmt20091218143003,",Cauca,CO
2009-11-02 12:18:50.540,5.0,2.7,63.0,4.589,-76.04,"5 km ESE of Toro, Colombia",",us2009nmas,usp000h3nw,",Valle del Cauca,CO
2009-10-27 16:25:53.820,5.1,4.6,46.7,6.767,-72.897,northern Colombia,",us2009nga6,usp000h3fy,gcmtc200910271625a,gcmt20091027162553,",Santander,CO
2009-10-03 00:50:12.060,4.8,3.6,47.0,6.76,-72.914,"6 km E of Cepitá, Colombia",",usp000h299,us2009mhag,",Santander,CO
2009-09-08 08:26:01.800,4.8,3.8,52.1,4.655,-76.624,"2 km E of Sipí, Colombia",",us2009lhal,usp000h1b5,gcmtc200909080826a,gcmt20090908082601,",Choco,CO
2009-07-21 07:54:19.920,4.4,2.7,43.0,7.305,-72.999,"2 km SE of Matanza, Colombia",",us2009jian,usp000gzgj,",Santander,CO
2009-07-03 10:04:57.640,5.2,3.4,41.6,3.737,-75.642,"17 km W of Chaparral, Colombia",",us2009iqa5,usp000gywm,iscgem13324951,",Tolima,CO
2009-05-01 15:44:33.010,4.9,3.8,44.4,6.809,-76.357,"22 km WSW of Uramita, Colombia",",us2009gcbf,usp000gwr2,",Antioquia,CO
2009-04-26 16:41:31.430,4.6,2.7,46.7,6.689,-72.973,"5 km E of Aratoca, Colombia",",us2009fxay,usp000gwku,",Santander,CO
2009-04-20 08:54:01.840,5.1,4.6,26.4,7.712,-73.272,"14 km ESE of San Alberto, Colombia",",us2009frap,usp000gwd4,gcmtc200904200854a,gcmt20090420085401,",Cesar,CO
2009-02-11 17:17:03.230,5.0,3.9,46.6,6.749,-72.914,"6 km E of Cepitá, Colombia",",us2009cya7,usp000gtnb,",Santander,CO
2009-01-13 19:47:52.270,4.7,5.4,52.6,5.772,-76.135,"15 km SW of Ciudad Bolívar, Colombia",",usp000gsjc,us2009bubt,",Antioquia,CO
2008-05-24 19:20:42.490,5.9,5.9,26.4,4.33,-73.764,"6 km WSW of El Calvario, Colombia",",usp000g7p6,us2008skbn,gcmtc200805241920a,gcmt20080524192042,atlas20080524192042,iscgem13229681,",Cundinamarca,CO
2008-03-28 16:35:56.960,5.0,3.4,44.8,6.685,-72.916,"10 km SE of Cepitá, Colombia",",us2008qdbj,usp000g2jk,",Santander,CO
2008-03-25 07:38:13.960,4.7,3.1,57.0,5.123,-74.359,"1 km WNW of Vergara, Colombia",",usp000g2aw,us2008qaax,",Cundinamarca,CO
2008-03-04 11:23:08.020,4.8,3.9,138.9,2.719,-76.166,"18 km ESE of Jambaló, Colombia",",us2008pebh,usp000g0pd,",Cauca,CO
2008-02-17 21:15:01.840,5.4,5.4,47.0,6.74,-72.929,"5 km ESE of Cepitá, Colombia",",us2008nna9,usp000fz4p,gcmtc200802172114a,gcmt20080217211501,",Santander,CO
2007-09-10 01:49:11.780,6.8,4.6,17.6,2.966,-77.963,"39 km WNW of Timbiquí, Colombia",",us2007hcah,usp000fmtk,choy20070910014914,gcmtc200709100149a,gcmt20070910014914,duputel200709100149a,iscgem12961035,atlas20070910014913,",Cauca,CO
2007-07-16 22:58:23.390,5.2,4.4,29.0,7.182,-72.126,"19 km N of Cubará, Colombia",",us2007ewcs,usp000fgd1,gcmtc200707162258a,gcmt20070716225823,iscgem13198691,",Boyaca,CO
2007-05-06 04:47:13.680,5.4,5.0,46.6,6.705,-72.946,"6 km SSE of Cepitá, Colombia",",usp000fbc0,us2007caas,gcmtc200705060447a,gcmt20070506044713,",Santander,CO
2006-01-23 20:50:44.980,6.2,2.7,45.5,6.864,-77.793,"26 km S of Juradó, Colombia",",usp000e8rg,us2006igau,choy20060123205045,gcmtc200601232050a,gcmt20060123205045,atlas20060123205044,iscgem8037834,",Choco,CO
2006-01-10 03:14:41.890,5.0,3.8,46.7,6.679,-72.911,"10 km SE of Cepitá, Colombia",",us2006htad,usp000e7yp,gcmtc200601100314a,gcmt20060110031441,",Santander,CO
2005-04-21 03:39:24.120,5.2,5.0,57.4,5.014,-76.269,"13 km NNW of San José del Palmar, Colombia",",us2005xdaj,usp000dnw4,gcmtc200504210339a,gcmt20050421033924,",Choco,CO
2005-03-08 15:59:43.870,5.0,6.0,52.4,4.42,-75.946,"14 km ENE of Zarzal, Colombia",",us2005vjax,usp000dhtn,gcmtc200503081559a,gcmt20050308155943,",Valle del Cauca,CO
2005-02-25 06:41:25.320,5.3,5.1,34.1,6.668,-73.059,northern Colombia,",us2005uyap,usp000dgx8,gcmtc200502250641a,gcmt20050225064125,",Santander,CO
2004-11-15 09:06:56.560,7.2,8.0,50.2,4.695,-77.508,"32 km SSW of Pizarro, Colombia",",us2004qwat,usp000d8gx,choy20041115090656,duputel111504c,gcmt20041115090656,iscgem7436588,atlas20041115090656,",Choco,CO
